Sample,Sample_number,week,Rep,Soil,Treatment,Isolate Code,plate,WellPosition,WellPosition,WellPosition,name,linkerprimer,barcode,reverseprimer
SoilAT2R1W0,1,0,1,A,2,1,5,A1,A,1,PCR_R_bc385,CAAGCAGAAGACGGCATACGAGAT,GACGCACTAA,GTGACTGGAGTTCAGACGTGTGCTC
SoilAT3R1W0,2,0,1,A,3,2,5,A2,A,2,PCR_R_bc393,CAAGCAGAAGACGGCATACGAGAT,TCGGACAGTG,GTGACTGGAGTTCAGACGTGTGCTC
SoilBT5R1W0,3,0,1,B,5,3,5,A3,A,3,PCR_R_bc401,CAAGCAGAAGACGGCATACGAGAT,GCTCTTATGC,GTGACTGGAGTTCAGACGTGTGCTC
SoilAT5R1W0,4,0,1,A,5,4,5,A4,A,4,PCR_R_bc409,CAAGCAGAAGACGGCATACGAGAT,TACTGGTAAG,GTGACTGGAGTTCAGACGTGTGCTC
SoilAT4R1W0,5,0,1,A,4,NCP,5,A5,A,5,PCR_R_bc417,CAAGCAGAAGACGGCATACGAGAT,GCTCAATCAG,GTGACTGGAGTTCAGACGTGTGCTC
SoilBT3R1W0,6,0,1,B,3,6,5,A6,A,6,PCR_R_bc425,CAAGCAGAAGACGGCATACGAGAT,AATAGCATGT,GTGACTGGAGTTCAGACGTGTGCTC
SoilBT1R1W0,7,0,1,B,1,7,5,A7,A,7,PCR_R_bc433,CAAGCAGAAGACGGCATACGAGAT,TAGGAGAGAC,GTGACTGGAGTTCAGACGTGTGCTC
SoilBT4R1W0,8,0,1,B,4,8,5,A8,A,8,PCR_R_bc441,CAAGCAGAAGACGGCATACGAGAT,GCCGATTGTA,GTGACTGGAGTTCAGACGTGTGCTC
SoilAT1R1W0,9,0,1,A,1,9,5,A9,A,9,PCR_R_bc449,CAAGCAGAAGACGGCATACGAGAT,TTATGGTACG,GTGACTGGAGTTCAGACGTGTGCTC
SoilBT2R1W0,10,0,1,B,2,10,5,A10,A,10,PCR_R_bc457,CAAGCAGAAGACGGCATACGAGAT,ACCGTAAGAC,GTGACTGGAGTTCAGACGTGTGCTC
SoilAT4R2W0,11,0,2,A,4,11,5,A11,A,11,PCR_R_bc465,CAAGCAGAAGACGGCATACGAGAT,GCCAAGGATA,GTGACTGGAGTTCAGACGTGTGCTC
SoilAT5R2W0,12,0,2,A,5,12,5,A12,A,12,PCR_R_bc473,CAAGCAGAAGACGGCATACGAGAT,TGTATTGGAC,GTGACTGGAGTTCAGACGTGTGCTC
SoilBT2R2W0,13,0,2,B,2,13,5,B1,B,1,PCR_R_bc386,CAAGCAGAAGACGGCATACGAGAT,TCTCCGTTCC,GTGACTGGAGTTCAGACGTGTGCTC
SoilBT1R2W0,14,0,2,B,1,14,5,B2,B,2,PCR_R_bc394,CAAGCAGAAGACGGCATACGAGAT,ATAATTGCCG,GTGACTGGAGTTCAGACGTGTGCTC
SoilAT1R2W0,15,0,2,A,1,15,5,B3,B,3,PCR_R_bc402,CAAGCAGAAGACGGCATACGAGAT,ATGCTAACCA,GTGACTGGAGTTCAGACGTGTGCTC
SoilBT3R2W0,16,0,2,B,3,16,5,B4,B,4,PCR_R_bc410,CAAGCAGAAGACGGCATACGAGAT,TTGAGAAGCA,GTGACTGGAGTTCAGACGTGTGCTC
SoilAT3R2W0,17,0,2,A,3,17,5,B5,B,5,PCR_R_bc418,CAAGCAGAAGACGGCATACGAGAT,GACCATGTAG,GTGACTGGAGTTCAGACGTGTGCTC
SoilAT2R2W0,18,0,2,A,2,18,5,B6,B,6,PCR_R_bc426,CAAGCAGAAGACGGCATACGAGAT,TCTCATGTGG,GTGACTGGAGTTCAGACGTGTGCTC
SoilBT5R2W0,19,0,2,B,5,19,5,B7,B,7,PCR_R_bc434,CAAGCAGAAGACGGCATACGAGAT,TGTTCCTCTC,GTGACTGGAGTTCAGACGTGTGCTC
SoilBT4R2W0,20,0,2,B,4,20,5,B8,B,8,PCR_R_bc442,CAAGCAGAAGACGGCATACGAGAT,CTAGCTATGG,GTGACTGGAGTTCAGACGTGTGCTC
SoilBT2R3W0,21,0,3,B,2,21,5,B9,B,9,PCR_R_bc450,CAAGCAGAAGACGGCATACGAGAT,GGCTGCATAC,GTGACTGGAGTTCAGACGTGTGCTC
SoilAT3R3W0,22,0,3,A,3,22,5,B10,B,10,PCR_R_bc458,CAAGCAGAAGACGGCATACGAGAT,TCGATTGGCC,GTGACTGGAGTTCAGACGTGTGCTC
SoilAT5R3W0,23,0,3,A,5,23,5,B11,B,11,PCR_R_bc466,CAAGCAGAAGACGGCATACGAGAT,TCCAGATAGC,GTGACTGGAGTTCAGACGTGTGCTC
SoilBT5R3W0,24,0,3,B,5,24,5,B12,B,12,PCR_R_bc474,CAAGCAGAAGACGGCATACGAGAT,CATGCCAACA,GTGACTGGAGTTCAGACGTGTGCTC
SoilBT1R3W0,25,0,3,B,1,25,5,C1,C,1,PCR_R_bc387,CAAGCAGAAGACGGCATACGAGAT,CTGATTACGA,GTGACTGGAGTTCAGACGTGTGCTC
SoilAT4R3W0,26,0,3,A,4,26,5,C2,C,2,PCR_R_bc395,CAAGCAGAAGACGGCATACGAGAT,CGTGACAATA,GTGACTGGAGTTCAGACGTGTGCTC
SoilAT1R3W0,27,0,3,A,1,27,5,C3,C,3,PCR_R_bc403,CAAGCAGAAGACGGCATACGAGAT,ACCAATCTCG,GTGACTGGAGTTCAGACGTGTGCTC
SoilBT3R3W0,28,0,3,B,3,28,5,C4,C,4,PCR_R_bc411,CAAGCAGAAGACGGCATACGAGAT,TCGCCGTGTA,GTGACTGGAGTTCAGACGTGTGCTC
SoilBT4R3W0,29,0,3,B,4,29,5,C5,C,5,PCR_R_bc419,CAAGCAGAAGACGGCATACGAGAT,CACACGCCTG,GTGACTGGAGTTCAGACGTGTGCTC
SoilAT2R3W0,30,0,3,A,2,30,5,C6,C,6,PCR_R_bc427,CAAGCAGAAGACGGCATACGAGAT,CGGAGTAATC,GTGACTGGAGTTCAGACGTGTGCTC
SoilBT5R4W0,31,0,4,B,5,31,5,C7,C,7,PCR_R_bc435,CAAGCAGAAGACGGCATACGAGAT,CCACACGTTT,GTGACTGGAGTTCAGACGTGTGCTC
SoilAT1R4W0,32,0,4,A,1,32,5,C8,C,8,PCR_R_bc443,CAAGCAGAAGACGGCATACGAGAT,CGGTGGAAGC,GTGACTGGAGTTCAGACGTGTGCTC
SoilAT2R4W0,33,0,4,A,2,33,5,C9,C,9,PCR_R_bc451,CAAGCAGAAGACGGCATACGAGAT,GTACCGTTGC,GTGACTGGAGTTCAGACGTGTGCTC
SoilAT5R4W0,34,0,4,A,5,34,5,C10,C,10,PCR_R_bc459,CAAGCAGAAGACGGCATACGAGAT,CACTGGTGCA,GTGACTGGAGTTCAGACGTGTGCTC
SoilBT3R4W0,35,0,4,B,3,35,5,C11,C,11,PCR_R_bc467,CAAGCAGAAGACGGCATACGAGAT,GCAACCGATT,GTGACTGGAGTTCAGACGTGTGCTC
SoilBT4R4W0,36,0,4,B,4,36,5,C12,C,12,PCR_R_bc475,CAAGCAGAAGACGGCATACGAGAT,TATTGCAGCA,GTGACTGGAGTTCAGACGTGTGCTC
SoilBT1R4W0,37,0,4,B,1,37,5,D1,D,1,PCR_R_bc388,CAAGCAGAAGACGGCATACGAGAT,TAAGGCATCG,GTGACTGGAGTTCAGACGTGTGCTC
SoilAT3R4W0,38,0,4,A,3,38,5,D2,D,2,PCR_R_bc396,CAAGCAGAAGACGGCATACGAGAT,CAGTAAATCG,GTGACTGGAGTTCAGACGTGTGCTC
SoilAT4R4W0,39,0,4,A,4,39,5,D3,D,3,PCR_R_bc404,CAAGCAGAAGACGGCATACGAGAT,CGACCTCGCA,GTGACTGGAGTTCAGACGTGTGCTC
SoilBT2R4W0,40,0,4,B,2,40,5,D4,D,4,PCR_R_bc412,CAAGCAGAAGACGGCATACGAGAT,TCCCGTAGCA,GTGACTGGAGTTCAGACGTGTGCTC
SoilAT1R5W0,41,0,5,A,1,41,5,D5,D,5,PCR_R_bc420,CAAGCAGAAGACGGCATACGAGAT,TCTTCGCAGC,GTGACTGGAGTTCAGACGTGTGCTC
SoilBT1R5W0,42,0,5,B,1,42,5,D6,D,6,PCR_R_bc428,CAAGCAGAAGACGGCATACGAGAT,CTTCGCGGAT,GTGACTGGAGTTCAGACGTGTGCTC
SoilBT4R5W0,43,0,5,B,4,43,5,D7,D,7,PCR_R_bc436,CAAGCAGAAGACGGCATACGAGAT,ACAGCATAGC,GTGACTGGAGTTCAGACGTGTGCTC
SoilAT5R5W0,44,0,5,A,5,44,5,D8,D,8,PCR_R_bc444,CAAGCAGAAGACGGCATACGAGAT,CTCTGCCTAA,GTGACTGGAGTTCAGACGTGTGCTC
SoilBT2R5W0,45,0,5,B,2,45,5,D9,D,9,PCR_R_bc452,CAAGCAGAAGACGGCATACGAGAT,TTGGTAAAGT,GTGACTGGAGTTCAGACGTGTGCTC
SoilAT4R5W0,46,0,5,A,4,46,5,D10,D,10,PCR_R_bc460,CAAGCAGAAGACGGCATACGAGAT,GCATTACTGG,GTGACTGGAGTTCAGACGTGTGCTC
SoilAT2R5W0,47,0,5,A,2,47,5,D11,D,11,PCR_R_bc468,CAAGCAGAAGACGGCATACGAGAT,AATCCGGTCA,GTGACTGGAGTTCAGACGTGTGCTC
SoilAT3R5W0,48,0,5,A,3,48,5,D12,D,12,PCR_R_bc476,CAAGCAGAAGACGGCATACGAGAT,AGATTCGCTC,GTGACTGGAGTTCAGACGTGTGCTC
SoilBT3R5W0,49,0,5,B,3,49,5,E1,E,1,PCR_R_bc389,CAAGCAGAAGACGGCATACGAGAT,ACCCATACAG,GTGACTGGAGTTCAGACGTGTGCTC
SoilBT5R5W0,50,0,5,B,5,50,5,E2,E,2,PCR_R_bc397,CAAGCAGAAGACGGCATACGAGAT,CAAGTTTCCG,GTGACTGGAGTTCAGACGTGTGCTC
SoilBT4R6W0,51,0,6,B,4,51,5,E3,E,3,PCR_R_bc405,CAAGCAGAAGACGGCATACGAGAT,GGAAGTGGCC,GTGACTGGAGTTCAGACGTGTGCTC
SoilAT3R6W0,52,0,6,A,3,52,5,E4,E,4,PCR_R_bc413,CAAGCAGAAGACGGCATACGAGAT,TGTACATCGC,GTGACTGGAGTTCAGACGTGTGCTC
SoilAT1R6W0,53,0,6,A,1,53,5,E5,E,5,PCR_R_bc421,CAAGCAGAAGACGGCATACGAGAT,CAAAGCGGTA,GTGACTGGAGTTCAGACGTGTGCTC
SoilAT4R6W0,54,0,6,A,4,54,5,E6,E,6,PCR_R_bc429,CAAGCAGAAGACGGCATACGAGAT,GTAGATCGTG,GTGACTGGAGTTCAGACGTGTGCTC
SoilBT3R6W0,55,0,6,B,3,55,5,E7,E,7,PCR_R_bc437,CAAGCAGAAGACGGCATACGAGAT,AATGTGGCTC,GTGACTGGAGTTCAGACGTGTGCTC
SoilAT2R6W0,56,0,6,A,2,56,5,E8,E,8,PCR_R_bc445,CAAGCAGAAGACGGCATACGAGAT,CAACCACTCG,GTGACTGGAGTTCAGACGTGTGCTC
SoilBT5R6W0,57,0,6,B,5,57,5,E9,E,9,PCR_R_bc453,CAAGCAGAAGACGGCATACGAGAT,CTGATAGCAC,GTGACTGGAGTTCAGACGTGTGCTC
SoilAT5R6W0,58,0,6,A,5,58,5,E10,E,10,PCR_R_bc461,CAAGCAGAAGACGGCATACGAGAT,TTGGGCCACA,GTGACTGGAGTTCAGACGTGTGCTC
SoilBT1R6W0,59,0,6,B,1,59,5,E11,E,11,PCR_R_bc469,CAAGCAGAAGACGGCATACGAGAT,GGTAAAGGGT,GTGACTGGAGTTCAGACGTGTGCTC
SoilBT2R6W0,60,0,6,B,2,60,5,E12,E,12,PCR_R_bc477,CAAGCAGAAGACGGCATACGAGAT,GAGTACAGTC,GTGACTGGAGTTCAGACGTGTGCTC
SoilAT2R1W2,61,2,1,A,2,121,5,F1,F,1,PCR_R_bc390,CAAGCAGAAGACGGCATACGAGAT,TCTGAATGGT,GTGACTGGAGTTCAGACGTGTGCTC
SoilAT3R1W2,62,2,1,A,3,122,5,F2,F,2,PCR_R_bc398,CAAGCAGAAGACGGCATACGAGAT,CTCTTCTGAT,GTGACTGGAGTTCAGACGTGTGCTC
SoilBT5R1W2,63,2,1,B,5,123,5,F3,F,3,PCR_R_bc406,CAAGCAGAAGACGGCATACGAGAT,GTACTGAAGA,GTGACTGGAGTTCAGACGTGTGCTC
SoilAT5R1W2,64,2,1,A,5,124,5,F4,F,4,PCR_R_bc414,CAAGCAGAAGACGGCATACGAGAT,GGTTCATGAA,GTGACTGGAGTTCAGACGTGTGCTC
SoilAT4R1W2,65,2,1,A,4,125,5,F5,F,5,PCR_R_bc422,CAAGCAGAAGACGGCATACGAGAT,CGAAACTACG,GTGACTGGAGTTCAGACGTGTGCTC
SoilBT3R1W2,66,2,1,B,3,126,5,F6,F,6,PCR_R_bc430,CAAGCAGAAGACGGCATACGAGAT,TCTGCACTGA,GTGACTGGAGTTCAGACGTGTGCTC
SoilBT1R1W2,67,2,1,B,1,127,5,F7,F,7,PCR_R_bc438,CAAGCAGAAGACGGCATACGAGAT,TCTGATCGAG,GTGACTGGAGTTCAGACGTGTGCTC
SoilBT4R1W2,68,2,1,B,4,128,5,F8,F,8,PCR_R_bc446,CAAGCAGAAGACGGCATACGAGAT,TGGGTCCCAC,GTGACTGGAGTTCAGACGTGTGCTC
SoilAT1R1W2,69,2,1,A,1,129,5,F9,F,9,PCR_R_bc454,CAAGCAGAAGACGGCATACGAGAT,GTAATAATGC,GTGACTGGAGTTCAGACGTGTGCTC
SoilBT2R1W2,70,2,1,B,2,130,5,F10,F,10,PCR_R_bc462,CAAGCAGAAGACGGCATACGAGAT,CTAATCAGAG,GTGACTGGAGTTCAGACGTGTGCTC
SoilAT4R2W2,71,2,2,A,4,131,5,F11,F,11,PCR_R_bc470,CAAGCAGAAGACGGCATACGAGAT,GCTTTCTCAA,GTGACTGGAGTTCAGACGTGTGCTC
SoilAT5R2W2,72,2,2,A,5,132,5,F12,F,12,PCR_R_bc478,CAAGCAGAAGACGGCATACGAGAT,AGCCGGAGAG,GTGACTGGAGTTCAGACGTGTGCTC
SoilBT2R2W2,73,2,2,B,2,133,5,G1,G,1,PCR_R_bc391,CAAGCAGAAGACGGCATACGAGAT,CGCACTACGC,GTGACTGGAGTTCAGACGTGTGCTC
SoilBT1R2W2,74,2,2,B,1,134,5,G2,G,2,PCR_R_bc399,CAAGCAGAAGACGGCATACGAGAT,ACGAAAGAGC,GTGACTGGAGTTCAGACGTGTGCTC
SoilAT1R2W2,75,2,2,A,1,135,5,G3,G,3,PCR_R_bc407,CAAGCAGAAGACGGCATACGAGAT,GATAATGTGC,GTGACTGGAGTTCAGACGTGTGCTC
SoilBT3R2W2,76,2,2,B,3,136,5,G4,G,4,PCR_R_bc415,CAAGCAGAAGACGGCATACGAGAT,TGTTAAGCAG,GTGACTGGAGTTCAGACGTGTGCTC
SoilAT3R2W2,77,2,2,A,3,137,5,G5,G,5,PCR_R_bc423,CAAGCAGAAGACGGCATACGAGAT,GAGGACCAGC,GTGACTGGAGTTCAGACGTGTGCTC
SoilAT2R2W2,78,2,2,A,2,138,5,G6,G,6,PCR_R_bc431,CAAGCAGAAGACGGCATACGAGAT,TCCTTCCCTG,GTGACTGGAGTTCAGACGTGTGCTC
SoilBT5R2W2,79,2,2,B,5,139,5,G7,G,7,PCR_R_bc439,CAAGCAGAAGACGGCATACGAGAT,CCACATTGGG,GTGACTGGAGTTCAGACGTGTGCTC
SoilBT4R2W2,80,2,2,B,4,140,5,G8,G,8,PCR_R_bc447,CAAGCAGAAGACGGCATACGAGAT,CTCTATTCCA,GTGACTGGAGTTCAGACGTGTGCTC
SoilBT2R3W2,81,2,3,B,2,141,5,G9,G,9,PCR_R_bc455,CAAGCAGAAGACGGCATACGAGAT,AATACAGACC,GTGACTGGAGTTCAGACGTGTGCTC
SoilAT3R3W2,82,2,3,A,3,142,5,G10,G,10,PCR_R_bc463,CAAGCAGAAGACGGCATACGAGAT,CACACAAAGT,GTGACTGGAGTTCAGACGTGTGCTC
SoilAT5R3W2,83,2,3,A,5,143,5,G11,G,11,PCR_R_bc471,CAAGCAGAAGACGGCATACGAGAT,GTTCACGCCC,GTGACTGGAGTTCAGACGTGTGCTC
SoilBT5R3W2,84,2,3,B,5,144,5,G12,G,12,PCR_R_bc479,CAAGCAGAAGACGGCATACGAGAT,CCTACATGAG,GTGACTGGAGTTCAGACGTGTGCTC
SoilBT1R3W2,85,2,3,B,1,145,5,H1,H,1,PCR_R_bc392,CAAGCAGAAGACGGCATACGAGAT,TAGATCCTCG,GTGACTGGAGTTCAGACGTGTGCTC
SoilAT4R3W2,86,2,3,A,4,146,5,H2,H,2,PCR_R_bc400,CAAGCAGAAGACGGCATACGAGAT,TGATGAACCC,GTGACTGGAGTTCAGACGTGTGCTC
SoilAT1R3W2,87,2,3,A,1,147,5,H3,H,3,PCR_R_bc408,CAAGCAGAAGACGGCATACGAGAT,CTCTGAGGTA,GTGACTGGAGTTCAGACGTGTGCTC
SoilBT3R3W2,88,2,3,B,3,148,5,H4,H,4,PCR_R_bc416,CAAGCAGAAGACGGCATACGAGAT,GAGCGAGTTA,GTGACTGGAGTTCAGACGTGTGCTC
SoilBT4R3W2,89,2,3,B,4,149,5,H5,H,5,PCR_R_bc424,CAAGCAGAAGACGGCATACGAGAT,CATCTGGGCA,GTGACTGGAGTTCAGACGTGTGCTC
SoilAT2R3W2,90,2,3,A,2,150,5,H6,H,6,PCR_R_bc432,CAAGCAGAAGACGGCATACGAGAT,TGTGTAGCCA,GTGACTGGAGTTCAGACGTGTGCTC
SoilBT5R4W2,91,2,4,B,5,151,5,H7,H,7,PCR_R_bc440,CAAGCAGAAGACGGCATACGAGAT,GCTGTGATTC,GTGACTGGAGTTCAGACGTGTGCTC
SoilAT1R4W2,92,2,4,A,1,152,5,H8,H,8,PCR_R_bc448,CAAGCAGAAGACGGCATACGAGAT,TCTTAGTCGG,GTGACTGGAGTTCAGACGTGTGCTC
SoilAT2R4W2,93,2,4,A,2,153,5,H9,H,9,PCR_R_bc456,CAAGCAGAAGACGGCATACGAGAT,ACTCGAAACC,GTGACTGGAGTTCAGACGTGTGCTC
SoilAT5R4W2,94,2,4,A,5,154,5,H10,H,10,PCR_R_bc464,CAAGCAGAAGACGGCATACGAGAT,TATAATCCGA,GTGACTGGAGTTCAGACGTGTGCTC
NCP1,95,,,,,NCP,5,H11,H,11,PCR_R_bc472,CAAGCAGAAGACGGCATACGAGAT,TAGGAACTCA,GTGACTGGAGTTCAGACGTGTGCTC
PC1,96,,,,,PC,5,H12,H,12,PCR_R_bc480,CAAGCAGAAGACGGCATACGAGAT,AAGGCCTTTA,GTGACTGGAGTTCAGACGTGTGCTC
SoilBT3R4W2,97,2,4,B,3,155,6,A1,A,1,PCR_R_bc481,CAAGCAGAAGACGGCATACGAGAT,TCCGTGGTAT,GTGACTGGAGTTCAGACGTGTGCTC
SoilBT4R4W2,98,2,4,B,4,156,6,A2,A,2,PCR_R_bc489,CAAGCAGAAGACGGCATACGAGAT,ACCTACTTGT,GTGACTGGAGTTCAGACGTGTGCTC
NEC1,99,2,,,,NEC,6,A3,A,3,PCR_R_bc497,CAAGCAGAAGACGGCATACGAGAT,TCGTCAAACC,GTGACTGGAGTTCAGACGTGTGCTC
SoilBT1R4W2,100,2,4,B,1,157,6,A4,A,4,PCR_R_bc505,CAAGCAGAAGACGGCATACGAGAT,TTATGTACGG,GTGACTGGAGTTCAGACGTGTGCTC
SoilAT3R4W2,101,2,4,A,3,158,6,A5,A,5,PCR_R_bc513,CAAGCAGAAGACGGCATACGAGAT,GTCATGCTCC,GTGACTGGAGTTCAGACGTGTGCTC
SoilAT4R4W2,102,2,4,A,4,159,6,A6,A,6,PCR_R_bc521,CAAGCAGAAGACGGCATACGAGAT,TGAACGTTGG,GTGACTGGAGTTCAGACGTGTGCTC
SoilBT2R4W2,103,2,4,B,2,160,6,A7,A,7,PCR_R_bc529,CAAGCAGAAGACGGCATACGAGAT,GATGACCCAA,GTGACTGGAGTTCAGACGTGTGCTC
SoilAT1R5W2,104,2,5,A,1,161,6,A8,A,8,PCR_R_bc537,CAAGCAGAAGACGGCATACGAGAT,GATCGGTTAA,GTGACTGGAGTTCAGACGTGTGCTC
SoilBT1R5W2,105,2,5,B,1,162,6,A9,A,9,PCR_R_bc545,CAAGCAGAAGACGGCATACGAGAT,GCCCAAGTTC,GTGACTGGAGTTCAGACGTGTGCTC
SoilBT4R5W2,106,2,5,B,4,163,6,A10,A,10,PCR_R_bc553,CAAGCAGAAGACGGCATACGAGAT,CTTCGACTTT,GTGACTGGAGTTCAGACGTGTGCTC
SoilAT5R5W2,107,2,5,A,5,164,6,A11,A,11,PCR_R_bc561,CAAGCAGAAGACGGCATACGAGAT,TTGACCGCGG,GTGACTGGAGTTCAGACGTGTGCTC
SoilBT2R5W2,108,2,5,B,2,165,6,A12,A,12,PCR_R_bc569,CAAGCAGAAGACGGCATACGAGAT,GGTTTCTATC,GTGACTGGAGTTCAGACGTGTGCTC
SoilAT4R5W2,109,2,5,A,4,166,6,B1,B,1,PCR_R_bc482,CAAGCAGAAGACGGCATACGAGAT,AGTTGTAGTC,GTGACTGGAGTTCAGACGTGTGCTC
SoilAT2R5W2,110,2,5,A,2,167,6,B2,B,2,PCR_R_bc490,CAAGCAGAAGACGGCATACGAGAT,ACTGGATCTC,GTGACTGGAGTTCAGACGTGTGCTC
SoilAT3R5W2,111,2,5,A,3,168,6,B3,B,3,PCR_R_bc498,CAAGCAGAAGACGGCATACGAGAT,CCATGAAGTG,GTGACTGGAGTTCAGACGTGTGCTC
SoilBT3R5W2,112,2,5,B,3,169,6,B4,B,4,PCR_R_bc506,CAAGCAGAAGACGGCATACGAGAT,TCGGGCTCTT,GTGACTGGAGTTCAGACGTGTGCTC
SoilBT5R5W2,113,2,5,B,5,170,6,B5,B,5,PCR_R_bc514,CAAGCAGAAGACGGCATACGAGAT,ATCGGGCTTA,GTGACTGGAGTTCAGACGTGTGCTC
SoilBT4R6W2,114,2,6,B,4,171,6,B6,B,6,PCR_R_bc522,CAAGCAGAAGACGGCATACGAGAT,AGTGTGAACG,GTGACTGGAGTTCAGACGTGTGCTC
SoilAT3R6W2,115,2,6,A,3,172,6,B7,B,7,PCR_R_bc530,CAAGCAGAAGACGGCATACGAGAT,CGAATACTGA,GTGACTGGAGTTCAGACGTGTGCTC
SoilAT1R6W2,116,2,6,A,1,173,6,B8,B,8,PCR_R_bc538,CAAGCAGAAGACGGCATACGAGAT,TGACCGGCTG,GTGACTGGAGTTCAGACGTGTGCTC
SoilAT4R6W2,117,2,6,A,4,174,6,B9,B,9,PCR_R_bc546,CAAGCAGAAGACGGCATACGAGAT,GATATACCAG,GTGACTGGAGTTCAGACGTGTGCTC
SoilBT3R6W2,118,2,6,B,3,175,6,B10,B,10,PCR_R_bc554,CAAGCAGAAGACGGCATACGAGAT,GTCCGCAAGT,GTGACTGGAGTTCAGACGTGTGCTC
SoilAT2R6W2,119,2,6,A,2,176,6,B11,B,11,PCR_R_bc562,CAAGCAGAAGACGGCATACGAGAT,TACGTGATCC,GTGACTGGAGTTCAGACGTGTGCTC
SoilBT5R6W2,120,2,6,B,5,177,6,B12,B,12,PCR_R_bc570,CAAGCAGAAGACGGCATACGAGAT,TGGTTATGGC,GTGACTGGAGTTCAGACGTGTGCTC
SoilAT5R6W2,121,2,6,A,5,178,6,C1,C,1,PCR_R_bc483,CAAGCAGAAGACGGCATACGAGAT,CTTGTCTGGA,GTGACTGGAGTTCAGACGTGTGCTC
SoilBT1R6W2,122,2,6,B,1,179,6,C2,C,2,PCR_R_bc491,CAAGCAGAAGACGGCATACGAGAT,TCAAGGGACC,GTGACTGGAGTTCAGACGTGTGCTC
SoilBT2R6W2,123,2,6,B,2,180,6,C3,C,3,PCR_R_bc499,CAAGCAGAAGACGGCATACGAGAT,GGAATTATCG,GTGACTGGAGTTCAGACGTGTGCTC
SoilAT2R1W5,124,5,1,A,2,301,6,C4,C,4,PCR_R_bc507,CAAGCAGAAGACGGCATACGAGAT,GCGTAGAGAG,GTGACTGGAGTTCAGACGTGTGCTC
SoilAT3R1W5,125,5,1,A,3,302,6,C5,C,5,PCR_R_bc515,CAAGCAGAAGACGGCATACGAGAT,CCTAGTAAGC,GTGACTGGAGTTCAGACGTGTGCTC
SoilBT5R1W5,126,5,1,B,5,303,6,C6,C,6,PCR_R_bc523,CAAGCAGAAGACGGCATACGAGAT,ATTGCAAGCA,GTGACTGGAGTTCAGACGTGTGCTC
SoilAT5R1W5,127,5,1,A,5,304,6,C7,C,7,PCR_R_bc531,CAAGCAGAAGACGGCATACGAGAT,TATCCTGGTT,GTGACTGGAGTTCAGACGTGTGCTC
SoilAT4R1W5,128,5,1,A,4,305,6,C8,C,8,PCR_R_bc539,CAAGCAGAAGACGGCATACGAGAT,CAGCGACTGT,GTGACTGGAGTTCAGACGTGTGCTC
SoilBT3R1W5,129,5,1,B,3,306,6,C9,C,9,PCR_R_bc547,CAAGCAGAAGACGGCATACGAGAT,GTAGACATGT,GTGACTGGAGTTCAGACGTGTGCTC
SoilBT1R1W5,130,5,1,B,1,307,6,C10,C,10,PCR_R_bc555,CAAGCAGAAGACGGCATACGAGAT,ATCCGTCTGA,GTGACTGGAGTTCAGACGTGTGCTC
SoilBT4R1W5,131,5,1,B,4,308,6,C11,C,11,PCR_R_bc563,CAAGCAGAAGACGGCATACGAGAT,TGGGTAGATC,GTGACTGGAGTTCAGACGTGTGCTC
SoilAT1R1W5,132,5,1,A,1,309,6,C12,C,12,PCR_R_bc571,CAAGCAGAAGACGGCATACGAGAT,TCGGTTACGC,GTGACTGGAGTTCAGACGTGTGCTC
SoilBT2R1W5,133,5,1,B,2,310,6,D1,D,1,PCR_R_bc484,CAAGCAGAAGACGGCATACGAGAT,TCTACGGCAC,GTGACTGGAGTTCAGACGTGTGCTC
SoilAT4R2W5,134,5,2,A,4,311,6,D2,D,2,PCR_R_bc492,CAAGCAGAAGACGGCATACGAGAT,TGCAGTCCTC,GTGACTGGAGTTCAGACGTGTGCTC
SoilAT5R2W5,135,5,2,A,5,312,6,D3,D,3,PCR_R_bc500,CAAGCAGAAGACGGCATACGAGAT,TAGACACCGT,GTGACTGGAGTTCAGACGTGTGCTC
SoilBT2R2W5,136,5,2,B,2,313,6,D4,D,4,PCR_R_bc508,CAAGCAGAAGACGGCATACGAGAT,AACCAGCAGA,GTGACTGGAGTTCAGACGTGTGCTC
SoilBT1R2W5,137,5,2,B,1,314,6,D5,D,5,PCR_R_bc516,CAAGCAGAAGACGGCATACGAGAT,TTACCGACGA,GTGACTGGAGTTCAGACGTGTGCTC
SoilAT1R2W5,138,5,2,A,1,315,6,D6,D,6,PCR_R_bc524,CAAGCAGAAGACGGCATACGAGAT,ATCACCAGGT,GTGACTGGAGTTCAGACGTGTGCTC
SoilBT3R2W5,139,5,2,B,3,316,6,D7,D,7,PCR_R_bc532,CAAGCAGAAGACGGCATACGAGAT,ACCGGAGTAG,GTGACTGGAGTTCAGACGTGTGCTC
SoilAT3R2W5,140,5,2,A,3,317,6,D8,D,8,PCR_R_bc540,CAAGCAGAAGACGGCATACGAGAT,AGCGACGAAG,GTGACTGGAGTTCAGACGTGTGCTC
SoilAT2R2W5,141,5,2,A,2,318,6,D9,D,9,PCR_R_bc548,CAAGCAGAAGACGGCATACGAGAT,TACAGTTACG,GTGACTGGAGTTCAGACGTGTGCTC
SoilBT5R2W5,142,5,2,B,5,319,6,D10,D,10,PCR_R_bc556,CAAGCAGAAGACGGCATACGAGAT,CGTAGAGCTC,GTGACTGGAGTTCAGACGTGTGCTC
SoilBT4R2W5,143,5,2,B,4,320,6,D11,D,11,PCR_R_bc564,CAAGCAGAAGACGGCATACGAGAT,AGCAATCGGT,GTGACTGGAGTTCAGACGTGTGCTC
SoilBT2R3W5,144,5,3,B,2,321,6,D12,D,12,PCR_R_bc572,CAAGCAGAAGACGGCATACGAGAT,CGAGGTTCTG,GTGACTGGAGTTCAGACGTGTGCTC
SoilAT3R3W5,145,5,3,A,3,322,6,E1,E,1,PCR_R_bc485,CAAGCAGAAGACGGCATACGAGAT,CACGAGCTAC,GTGACTGGAGTTCAGACGTGTGCTC
SoilAT5R3W5,146,5,3,A,5,323,6,E2,E,2,PCR_R_bc493,CAAGCAGAAGACGGCATACGAGAT,AAGTCGACAC,GTGACTGGAGTTCAGACGTGTGCTC
NEC2,147,5,,,,NEC,6,E3,E,3,PCR_R_bc501,CAAGCAGAAGACGGCATACGAGAT,TCCACAGGGT,GTGACTGGAGTTCAGACGTGTGCTC
SoilBT5R3W5,148,5,3,B,5,324,6,E4,E,4,PCR_R_bc509,CAAGCAGAAGACGGCATACGAGAT,TAATCGGTGC,GTGACTGGAGTTCAGACGTGTGCTC
SoilBT1R3W5,149,5,3,B,1,325,6,E5,E,5,PCR_R_bc517,CAAGCAGAAGACGGCATACGAGAT,TTACCTTACA,GTGACTGGAGTTCAGACGTGTGCTC
SoilAT4R3W5,150,5,3,A,4,326,6,E6,E,6,PCR_R_bc525,CAAGCAGAAGACGGCATACGAGAT,TTGATCCGGT,GTGACTGGAGTTCAGACGTGTGCTC
SoilAT1R3W5,151,5,3,A,1,327,6,E7,E,7,PCR_R_bc533,CAAGCAGAAGACGGCATACGAGAT,TAAGCTAAAC,GTGACTGGAGTTCAGACGTGTGCTC
SoilBT3R3W5,152,5,3,B,3,328,6,E8,E,8,PCR_R_bc541,CAAGCAGAAGACGGCATACGAGAT,GAACACTTTG,GTGACTGGAGTTCAGACGTGTGCTC
SoilBT4R3W5,153,5,3,B,4,329,6,E9,E,9,PCR_R_bc549,CAAGCAGAAGACGGCATACGAGAT,ATCCCAGCAT,GTGACTGGAGTTCAGACGTGTGCTC
SoilAT2R3W5,154,5,3,A,2,330,6,E10,E,10,PCR_R_bc557,CAAGCAGAAGACGGCATACGAGAT,CCTCTGAGAG,GTGACTGGAGTTCAGACGTGTGCTC
SoilBT5R4W5,155,5,4,B,5,331,6,E11,E,11,PCR_R_bc565,CAAGCAGAAGACGGCATACGAGAT,GTTGGACGAA,GTGACTGGAGTTCAGACGTGTGCTC
SoilAT1R4W5,156,5,4,A,1,332,6,E12,E,12,PCR_R_bc573,CAAGCAGAAGACGGCATACGAGAT,TGCTACAGAC,GTGACTGGAGTTCAGACGTGTGCTC
SoilAT2R4W5,157,5,4,A,2,333,6,F1,F,1,PCR_R_bc486,CAAGCAGAAGACGGCATACGAGAT,ACCGCATCAA,GTGACTGGAGTTCAGACGTGTGCTC
SoilAT5R4W5,158,5,4,A,5,334,6,F2,F,2,PCR_R_bc494,CAAGCAGAAGACGGCATACGAGAT,GTACGATATG,GTGACTGGAGTTCAGACGTGTGCTC
SoilBT3R4W5,159,5,4,B,3,335,6,F3,F,3,PCR_R_bc502,CAAGCAGAAGACGGCATACGAGAT,TCATTAGCGT,GTGACTGGAGTTCAGACGTGTGCTC
SoilBT4R4W5,160,5,4,B,4,336,6,F4,F,4,PCR_R_bc510,CAAGCAGAAGACGGCATACGAGAT,GGCAAATACA,GTGACTGGAGTTCAGACGTGTGCTC
SoilBT1R4W5,161,5,4,B,1,337,6,F5,F,5,PCR_R_bc518,CAAGCAGAAGACGGCATACGAGAT,TGACTAATGG,GTGACTGGAGTTCAGACGTGTGCTC
SoilAT3R4W5,162,5,4,A,3,338,6,F6,F,6,PCR_R_bc526,CAAGCAGAAGACGGCATACGAGAT,CACAGTTGAA,GTGACTGGAGTTCAGACGTGTGCTC
SoilAT4R4W5,163,5,4,A,4,339,6,F7,F,7,PCR_R_bc534,CAAGCAGAAGACGGCATACGAGAT,CGGGTGTTTG,GTGACTGGAGTTCAGACGTGTGCTC
SoilBT2R4W5,164,5,4,B,2,340,6,F8,F,8,PCR_R_bc542,CAAGCAGAAGACGGCATACGAGAT,GAGCCCAAAG,GTGACTGGAGTTCAGACGTGTGCTC
SoilAT1R5W5,165,5,5,A,1,341,6,F9,F,9,PCR_R_bc550,CAAGCAGAAGACGGCATACGAGAT,GAGCCATCTG,GTGACTGGAGTTCAGACGTGTGCTC
SoilBT1R5W5,166,5,5,B,1,342,6,F10,F,10,PCR_R_bc558,CAAGCAGAAGACGGCATACGAGAT,CCTCGGGTAC,GTGACTGGAGTTCAGACGTGTGCTC
SoilBT4R5W5,167,5,5,B,4,343,6,F11,F,11,PCR_R_bc566,CAAGCAGAAGACGGCATACGAGAT,TTGGGTACAC,GTGACTGGAGTTCAGACGTGTGCTC
SoilAT5R5W5,168,5,5,A,5,344,6,F12,F,12,PCR_R_bc574,CAAGCAGAAGACGGCATACGAGAT,GTGCAACCAA,GTGACTGGAGTTCAGACGTGTGCTC
SoilBT2R5W5,169,5,5,B,2,345,6,G1,G,1,PCR_R_bc487,CAAGCAGAAGACGGCATACGAGAT,ATGCTGCAAC,GTGACTGGAGTTCAGACGTGTGCTC
SoilAT4R5W5,170,5,5,A,4,346,6,G2,G,2,PCR_R_bc495,CAAGCAGAAGACGGCATACGAGAT,AACATTGCAG,GTGACTGGAGTTCAGACGTGTGCTC
NEC3,171,5,,,,NEC,6,G3,G,3,PCR_R_bc503,CAAGCAGAAGACGGCATACGAGAT,CATCGCGTTG,GTGACTGGAGTTCAGACGTGTGCTC
SoilAT2R5W5,172,5,5,A,2,347,6,G4,G,4,PCR_R_bc511,CAAGCAGAAGACGGCATACGAGAT,CACAAGTATC,GTGACTGGAGTTCAGACGTGTGCTC
SoilAT3R5W5,173,5,5,A,3,348,6,G5,G,5,PCR_R_bc519,CAAGCAGAAGACGGCATACGAGAT,GCATGCATCC,GTGACTGGAGTTCAGACGTGTGCTC
SoilBT3R5W5,174,5,5,B,3,349,6,G6,G,6,PCR_R_bc527,CAAGCAGAAGACGGCATACGAGAT,CTAGGATCAC,GTGACTGGAGTTCAGACGTGTGCTC
SoilBT5R5W5,175,5,5,B,5,350,6,G7,G,7,PCR_R_bc535,CAAGCAGAAGACGGCATACGAGAT,TTGGAACGGC,GTGACTGGAGTTCAGACGTGTGCTC
SoilBT4R6W5,176,5,6,B,4,351,6,G8,G,8,PCR_R_bc543,CAAGCAGAAGACGGCATACGAGAT,CTTCCCTAAC,GTGACTGGAGTTCAGACGTGTGCTC
SoilAT3R6W5,177,5,6,A,3,352,6,G9,G,9,PCR_R_bc551,CAAGCAGAAGACGGCATACGAGAT,CTGAGCTCTG,GTGACTGGAGTTCAGACGTGTGCTC
SoilAT1R6W5,178,5,6,A,1,353,6,G10,G,10,PCR_R_bc559,CAAGCAGAAGACGGCATACGAGAT,CGTGCACAAT,GTGACTGGAGTTCAGACGTGTGCTC
SoilAT4R6W5,179,5,6,A,4,354,6,G11,G,11,PCR_R_bc567,CAAGCAGAAGACGGCATACGAGAT,ACACTATGAA,GTGACTGGAGTTCAGACGTGTGCTC
SoilBT3R6W5,180,5,6,B,3,355,6,G12,G,12,PCR_R_bc575,CAAGCAGAAGACGGCATACGAGAT,TGAGTGGTCT,GTGACTGGAGTTCAGACGTGTGCTC
SoilAT2R6W5,181,5,6,A,2,356,6,H1,H,1,PCR_R_bc488,CAAGCAGAAGACGGCATACGAGAT,AAGGTCAATC,GTGACTGGAGTTCAGACGTGTGCTC
SoilBT5R6W5,182,5,6,B,5,357,6,H2,H,2,PCR_R_bc496,CAAGCAGAAGACGGCATACGAGAT,CCGTGACAAC,GTGACTGGAGTTCAGACGTGTGCTC
SoilAT5R6W5,183,5,6,A,5,358,6,H3,H,3,PCR_R_bc504,CAAGCAGAAGACGGCATACGAGAT,ATGTCGAATA,GTGACTGGAGTTCAGACGTGTGCTC
SoilBT1R6W5,184,5,6,B,1,359,6,H4,H,4,PCR_R_bc512,CAAGCAGAAGACGGCATACGAGAT,CTACAGGGTC,GTGACTGGAGTTCAGACGTGTGCTC
SoilBT2R6W5,185,5,6,B,2,360,6,H5,H,5,PCR_R_bc520,CAAGCAGAAGACGGCATACGAGAT,GACAGTAGCT,GTGACTGGAGTTCAGACGTGTGCTC
SoilAT2R1W7,186,7,1,A,2,421,6,H6,H,6,PCR_R_bc528,CAAGCAGAAGACGGCATACGAGAT,GCTGTTTGAC,GTGACTGGAGTTCAGACGTGTGCTC
SoilAT3R1W7,187,7,1,A,3,422,6,H7,H,7,PCR_R_bc536,CAAGCAGAAGACGGCATACGAGAT,CATTGGGAGT,GTGACTGGAGTTCAGACGTGTGCTC
SoilBT5R1W7,188,7,1,B,5,423,6,H8,H,8,PCR_R_bc544,CAAGCAGAAGACGGCATACGAGAT,CGATCACCAC,GTGACTGGAGTTCAGACGTGTGCTC
SoilAT5R1W7,189,7,1,A,5,424,6,H9,H,9,PCR_R_bc552,CAAGCAGAAGACGGCATACGAGAT,GCTTCCAGAC,GTGACTGGAGTTCAGACGTGTGCTC
SoilAT4R1W7,190,7,1,A,4,425,6,H10,H,10,PCR_R_bc560,CAAGCAGAAGACGGCATACGAGAT,TAACGTGTGT,GTGACTGGAGTTCAGACGTGTGCTC
NCP2,191,,,,,NCP,6,H11,H,11,PCR_R_bc568,CAAGCAGAAGACGGCATACGAGAT,ACGGAAATCC,GTGACTGGAGTTCAGACGTGTGCTC
PC2,192,,,,,PC,6,H12,H,12,PCR_R_bc576,CAAGCAGAAGACGGCATACGAGAT,CGATTGTTCC,GTGACTGGAGTTCAGACGTGTGCTC
SoilBT3R1W7,193,7,1,B,3,426,7,A1,A,1,PCR_R_bc577,CAAGCAGAAGACGGCATACGAGAT,GATGGTTTCA,GTGACTGGAGTTCAGACGTGTGCTC
SoilBT1R1W7,194,7,1,B,1,427,7,A2,A,2,PCR_R_bc585,CAAGCAGAAGACGGCATACGAGAT,CTCCACATTC,GTGACTGGAGTTCAGACGTGTGCTC
SoilBT4R1W7,195,7,1,B,4,428,7,A3,A,3,PCR_R_bc593,CAAGCAGAAGACGGCATACGAGAT,TAATACGGAT,GTGACTGGAGTTCAGACGTGTGCTC
SoilAT1R1W7,196,7,1,A,1,429,7,A4,A,4,PCR_R_bc601,CAAGCAGAAGACGGCATACGAGAT,CCACAACGAT,GTGACTGGAGTTCAGACGTGTGCTC
NEC4,197,7,,,,NEC,7,A5,A,5,PCR_R_bc609,CAAGCAGAAGACGGCATACGAGAT,GGCCTATAAG,GTGACTGGAGTTCAGACGTGTGCTC
SoilBT2R1W7,198,7,1,B,2,430,7,A6,A,6,PCR_R_bc617,CAAGCAGAAGACGGCATACGAGAT,TACTCTCTTA,GTGACTGGAGTTCAGACGTGTGCTC
SoilAT4R2W7,199,7,2,A,4,431,7,A7,A,7,PCR_R_bc625,CAAGCAGAAGACGGCATACGAGAT,GGCCAAGGAA,GTGACTGGAGTTCAGACGTGTGCTC
SoilAT5R2W7,200,7,2,A,5,432,7,A8,A,8,PCR_R_bc633,CAAGCAGAAGACGGCATACGAGAT,CCAGTGGATA,GTGACTGGAGTTCAGACGTGTGCTC
SoilBT2R2W7,201,7,2,B,2,433,7,A9,A,9,PCR_R_bc641,CAAGCAGAAGACGGCATACGAGAT,TCCTTGTCCT,GTGACTGGAGTTCAGACGTGTGCTC
SoilBT1R2W7,202,7,2,B,1,434,7,A10,A,10,PCR_R_bc649,CAAGCAGAAGACGGCATACGAGAT,ATGGAAGGTG,GTGACTGGAGTTCAGACGTGTGCTC
SoilAT1R2W7,203,7,2,A,1,435,7,A11,A,11,PCR_R_bc657,CAAGCAGAAGACGGCATACGAGAT,GTGTGGCAGA,GTGACTGGAGTTCAGACGTGTGCTC
SoilBT3R2W7,204,7,2,B,3,436,7,A12,A,12,PCR_R_bc665,CAAGCAGAAGACGGCATACGAGAT,GTGAGGGCAA,GTGACTGGAGTTCAGACGTGTGCTC
SoilAT3R2W7,205,7,2,A,3,437,7,B1,B,1,PCR_R_bc578,CAAGCAGAAGACGGCATACGAGAT,TAATTGCAGA,GTGACTGGAGTTCAGACGTGTGCTC
SoilAT2R2W7,206,7,2,A,2,438,7,B2,B,2,PCR_R_bc586,CAAGCAGAAGACGGCATACGAGAT,CCACCCAGTA,GTGACTGGAGTTCAGACGTGTGCTC
SoilBT5R2W7,207,7,2,B,5,439,7,B3,B,3,PCR_R_bc594,CAAGCAGAAGACGGCATACGAGAT,TACGCAGCAC,GTGACTGGAGTTCAGACGTGTGCTC
SoilBT4R2W7,208,7,2,B,4,440,7,B4,B,4,PCR_R_bc602,CAAGCAGAAGACGGCATACGAGAT,CCGGTGTGAT,GTGACTGGAGTTCAGACGTGTGCTC
SoilBT2R3W7,209,7,3,B,2,441,7,B5,B,5,PCR_R_bc610,CAAGCAGAAGACGGCATACGAGAT,CAGATCCCAA,GTGACTGGAGTTCAGACGTGTGCTC
SoilAT3R3W7,210,7,3,A,3,442,7,B6,B,6,PCR_R_bc618,CAAGCAGAAGACGGCATACGAGAT,CTCCCACTAG,GTGACTGGAGTTCAGACGTGTGCTC
SoilAT5R3W7,211,7,3,A,5,443,7,B7,B,7,PCR_R_bc626,CAAGCAGAAGACGGCATACGAGAT,GTCACATCAC,GTGACTGGAGTTCAGACGTGTGCTC
SoilBT5R3W7,212,7,3,B,5,444,7,B8,B,8,PCR_R_bc634,CAAGCAGAAGACGGCATACGAGAT,TGTGTGTAAC,GTGACTGGAGTTCAGACGTGTGCTC
SoilBT1R3W7,213,7,3,B,1,445,7,B9,B,9,PCR_R_bc642,CAAGCAGAAGACGGCATACGAGAT,ACGATTCGAG,GTGACTGGAGTTCAGACGTGTGCTC
SoilAT4R3W7,214,7,3,A,4,446,7,B10,B,10,PCR_R_bc650,CAAGCAGAAGACGGCATACGAGAT,CCGGCTTATG,GTGACTGGAGTTCAGACGTGTGCTC
SoilAT1R3W7,215,7,3,A,1,447,7,B11,B,11,PCR_R_bc658,CAAGCAGAAGACGGCATACGAGAT,TACTACGTGG,GTGACTGGAGTTCAGACGTGTGCTC
SoilBT3R3W7,216,7,3,B,3,448,7,B12,B,12,PCR_R_bc666,CAAGCAGAAGACGGCATACGAGAT,CGTGGGCTCA,GTGACTGGAGTTCAGACGTGTGCTC
SoilBT4R3W7,217,7,3,B,4,449,7,C1,C,1,PCR_R_bc579,CAAGCAGAAGACGGCATACGAGAT,AAGGCGCTCC,GTGACTGGAGTTCAGACGTGTGCTC
SoilAT2R3W7,218,7,3,A,2,450,7,C2,C,2,PCR_R_bc587,CAAGCAGAAGACGGCATACGAGAT,AATCGCCCTT,GTGACTGGAGTTCAGACGTGTGCTC
SoilBT5R4W7,219,7,4,B,5,451,7,C3,C,3,PCR_R_bc595,CAAGCAGAAGACGGCATACGAGAT,CGCTTAGTGC,GTGACTGGAGTTCAGACGTGTGCTC
NEC5,220,7,,,,NEC,7,C4,C,4,PCR_R_bc603,CAAGCAGAAGACGGCATACGAGAT,CAAGGCACAA,GTGACTGGAGTTCAGACGTGTGCTC
SoilAT1R4W7,221,7,4,A,1,452,7,C5,C,5,PCR_R_bc611,CAAGCAGAAGACGGCATACGAGAT,AGAGATTATG,GTGACTGGAGTTCAGACGTGTGCTC
SoilAT2R4W7,222,7,4,A,2,453,7,C6,C,6,PCR_R_bc619,CAAGCAGAAGACGGCATACGAGAT,AGCCCTGCTA,GTGACTGGAGTTCAGACGTGTGCTC
SoilAT5R4W7,223,7,4,A,5,454,7,C7,C,7,PCR_R_bc627,CAAGCAGAAGACGGCATACGAGAT,CGACATTTCT,GTGACTGGAGTTCAGACGTGTGCTC
SoilBT3R4W7,224,7,4,B,3,455,7,C8,C,8,PCR_R_bc635,CAAGCAGAAGACGGCATACGAGAT,CCAATCGTGC,GTGACTGGAGTTCAGACGTGTGCTC
SoilBT4R4W7,225,7,4,B,4,456,7,C9,C,9,PCR_R_bc643,CAAGCAGAAGACGGCATACGAGAT,TGACGTAGAA,GTGACTGGAGTTCAGACGTGTGCTC
SoilBT1R4W7,226,7,4,B,1,457,7,C10,C,10,PCR_R_bc651,CAAGCAGAAGACGGCATACGAGAT,CTGTGCAACG,GTGACTGGAGTTCAGACGTGTGCTC
SoilAT3R4W7,227,7,4,A,3,458,7,C11,C,11,PCR_R_bc659,CAAGCAGAAGACGGCATACGAGAT,CACGCAGTCT,GTGACTGGAGTTCAGACGTGTGCTC
SoilAT4R4W7,228,7,4,A,4,459,7,C12,C,12,PCR_R_bc667,CAAGCAGAAGACGGCATACGAGAT,CCTCATGCTA,GTGACTGGAGTTCAGACGTGTGCTC
SoilBT2R4W7,229,7,4,B,2,460,7,D1,D,1,PCR_R_bc580,CAAGCAGAAGACGGCATACGAGAT,AGTCGGCATC,GTGACTGGAGTTCAGACGTGTGCTC
SoilAT1R5W7,230,7,5,A,1,461,7,D2,D,2,PCR_R_bc588,CAAGCAGAAGACGGCATACGAGAT,CGGCGATGAA,GTGACTGGAGTTCAGACGTGTGCTC
SoilBT1R5W7,231,7,5,B,1,462,7,D3,D,3,PCR_R_bc596,CAAGCAGAAGACGGCATACGAGAT,CAAAGTTTGC,GTGACTGGAGTTCAGACGTGTGCTC
SoilBT4R5W7,232,7,5,B,4,463,7,D4,D,4,PCR_R_bc604,CAAGCAGAAGACGGCATACGAGAT,AACCTCGGAT,GTGACTGGAGTTCAGACGTGTGCTC
SoilAT5R5W7,233,7,5,A,5,464,7,D5,D,5,PCR_R_bc612,CAAGCAGAAGACGGCATACGAGAT,TCCATTTCAT,GTGACTGGAGTTCAGACGTGTGCTC
SoilBT2R5W7,234,7,5,B,2,465,7,D6,D,6,PCR_R_bc620,CAAGCAGAAGACGGCATACGAGAT,CGAAGCATCT,GTGACTGGAGTTCAGACGTGTGCTC
SoilAT4R5W7,235,7,5,A,4,466,7,D7,D,7,PCR_R_bc628,CAAGCAGAAGACGGCATACGAGAT,GGACGTTAAC,GTGACTGGAGTTCAGACGTGTGCTC
SoilAT2R5W7,236,7,5,A,2,467,7,D8,D,8,PCR_R_bc636,CAAGCAGAAGACGGCATACGAGAT,ATGTAATAGG,GTGACTGGAGTTCAGACGTGTGCTC
SoilAT3R5W7,237,7,5,A,3,468,7,D9,D,9,PCR_R_bc644,CAAGCAGAAGACGGCATACGAGAT,CTACAATTGA,GTGACTGGAGTTCAGACGTGTGCTC
SoilBT3R5W7,238,7,5,B,3,469,7,D10,D,10,PCR_R_bc652,CAAGCAGAAGACGGCATACGAGAT,AGGGTACAGG,GTGACTGGAGTTCAGACGTGTGCTC
SoilBT5R5W7,239,7,5,B,5,470,7,D11,D,11,PCR_R_bc660,CAAGCAGAAGACGGCATACGAGAT,TTCACTGTGC,GTGACTGGAGTTCAGACGTGTGCTC
SoilBT4R6W7,240,7,6,B,4,471,7,D12,D,12,PCR_R_bc668,CAAGCAGAAGACGGCATACGAGAT,CTGATCCATC,GTGACTGGAGTTCAGACGTGTGCTC
SoilAT3R6W7,241,7,6,A,3,472,7,E1,E,1,PCR_R_bc581,CAAGCAGAAGACGGCATACGAGAT,TGTCTGACGC,GTGACTGGAGTTCAGACGTGTGCTC
SoilAT1R6W7,242,7,6,A,1,473,7,E2,E,2,PCR_R_bc589,CAAGCAGAAGACGGCATACGAGAT,CCGCTACGTG,GTGACTGGAGTTCAGACGTGTGCTC
SoilAT4R6W7,243,7,6,A,4,474,7,E3,E,3,PCR_R_bc597,CAAGCAGAAGACGGCATACGAGAT,TGCCGCCGTA,GTGACTGGAGTTCAGACGTGTGCTC
SoilBT3R6W7,244,7,6,B,3,475,7,E4,E,4,PCR_R_bc605,CAAGCAGAAGACGGCATACGAGAT,GTGCTTGTGT,GTGACTGGAGTTCAGACGTGTGCTC
NEC6,245,7,,,,NEC,7,E5,E,5,PCR_R_bc613,CAAGCAGAAGACGGCATACGAGAT,TCGGCGATCA,GTGACTGGAGTTCAGACGTGTGCTC
SoilAT2R6W7,246,7,6,A,2,476,7,E6,E,6,PCR_R_bc621,CAAGCAGAAGACGGCATACGAGAT,GTTTGGCCAC,GTGACTGGAGTTCAGACGTGTGCTC
SoilBT5R6W7,247,7,6,B,5,477,7,E7,E,7,PCR_R_bc629,CAAGCAGAAGACGGCATACGAGAT,CACGCTATTG,GTGACTGGAGTTCAGACGTGTGCTC
SoilAT5R6W7,248,7,6,A,5,478,7,E8,E,8,PCR_R_bc637,CAAGCAGAAGACGGCATACGAGAT,GACTCGCAAC,GTGACTGGAGTTCAGACGTGTGCTC
SoilBT1R6W7,249,7,6,B,1,479,7,E9,E,9,PCR_R_bc645,CAAGCAGAAGACGGCATACGAGAT,GTGGTATGGG,GTGACTGGAGTTCAGACGTGTGCTC
SoilBT2R6W7,250,7,6,B,2,480,7,E10,E,10,PCR_R_bc653,CAAGCAGAAGACGGCATACGAGAT,GGAACACATG,GTGACTGGAGTTCAGACGTGTGCTC
SoilAT2R1W9,251,9,1,A,2,541,7,E11,E,11,PCR_R_bc661,CAAGCAGAAGACGGCATACGAGAT,TTCCAGGCAG,GTGACTGGAGTTCAGACGTGTGCTC
SoilAT3R1W9,252,9,1,A,3,542,7,E12,E,12,PCR_R_bc669,CAAGCAGAAGACGGCATACGAGAT,TATGCTCTCT,GTGACTGGAGTTCAGACGTGTGCTC
SoilBT5R1W9,253,9,1,B,5,543,7,F1,F,1,PCR_R_bc582,CAAGCAGAAGACGGCATACGAGAT,TAGCGCGAAC,GTGACTGGAGTTCAGACGTGTGCTC
SoilAT5R1W9,254,9,1,A,5,544,7,F2,F,2,PCR_R_bc590,CAAGCAGAAGACGGCATACGAGAT,CTGGTAAGTC,GTGACTGGAGTTCAGACGTGTGCTC
SoilAT4R1W9,255,9,1,A,4,545,7,F3,F,3,PCR_R_bc598,CAAGCAGAAGACGGCATACGAGAT,CCAGGGACTT,GTGACTGGAGTTCAGACGTGTGCTC
SoilBT3R1W9,256,9,1,B,3,546,7,F4,F,4,PCR_R_bc606,CAAGCAGAAGACGGCATACGAGAT,ATAGTGTTCG,GTGACTGGAGTTCAGACGTGTGCTC
SoilBT1R1W9,257,9,1,B,1,547,7,F5,F,5,PCR_R_bc614,CAAGCAGAAGACGGCATACGAGAT,CTGGTGCTGA,GTGACTGGAGTTCAGACGTGTGCTC
SoilBT4R1W9,258,9,1,B,4,548,7,F6,F,6,PCR_R_bc622,CAAGCAGAAGACGGCATACGAGAT,TCAGGTTGCC,GTGACTGGAGTTCAGACGTGTGCTC
SoilAT1R1W9,259,9,1,A,1,549,7,F7,F,7,PCR_R_bc630,CAAGCAGAAGACGGCATACGAGAT,AACTTCACTT,GTGACTGGAGTTCAGACGTGTGCTC
SoilBT2R1W9,260,9,1,B,2,550,7,F8,F,8,PCR_R_bc638,CAAGCAGAAGACGGCATACGAGAT,GTGCGAGGAC,GTGACTGGAGTTCAGACGTGTGCTC
SoilAT4R2W9,261,9,2,A,4,551,7,F9,F,9,PCR_R_bc646,CAAGCAGAAGACGGCATACGAGAT,GTTGACCATC,GTGACTGGAGTTCAGACGTGTGCTC
SoilAT5R2W9,262,9,2,A,5,552,7,F10,F,10,PCR_R_bc654,CAAGCAGAAGACGGCATACGAGAT,TTACGTGGCG,GTGACTGGAGTTCAGACGTGTGCTC
SoilBT2R2W9,263,9,2,B,2,553,7,F11,F,11,PCR_R_bc662,CAAGCAGAAGACGGCATACGAGAT,CAATGCCTCA,GTGACTGGAGTTCAGACGTGTGCTC
SoilBT1R2W9,264,9,2,B,1,554,7,F12,F,12,PCR_R_bc670,CAAGCAGAAGACGGCATACGAGAT,ATGTTTAGAC,GTGACTGGAGTTCAGACGTGTGCTC
SoilAT1R2W9,265,9,2,A,1,555,7,G1,G,1,PCR_R_bc583,CAAGCAGAAGACGGCATACGAGAT,ACCTCAGTCA,GTGACTGGAGTTCAGACGTGTGCTC
SoilBT3R2W9,266,9,2,B,3,556,7,G2,G,2,PCR_R_bc591,CAAGCAGAAGACGGCATACGAGAT,AGAGCTCCTC,GTGACTGGAGTTCAGACGTGTGCTC
SoilAT3R2W9,267,9,2,A,3,557,7,G3,G,3,PCR_R_bc599,CAAGCAGAAGACGGCATACGAGAT,GCAATCCTTG,GTGACTGGAGTTCAGACGTGTGCTC
SoilAT2R2W9,268,9,2,A,2,558,7,G4,G,4,PCR_R_bc607,CAAGCAGAAGACGGCATACGAGAT,TAATCTCGCC,GTGACTGGAGTTCAGACGTGTGCTC
NEC7,269,9,,,,NEC,7,G5,G,5,PCR_R_bc615,CAAGCAGAAGACGGCATACGAGAT,GTTTCACGCG,GTGACTGGAGTTCAGACGTGTGCTC
SoilBT5R2W9,270,9,2,B,5,559,7,G6,G,6,PCR_R_bc623,CAAGCAGAAGACGGCATACGAGAT,CTGTCAGTGA,GTGACTGGAGTTCAGACGTGTGCTC
SoilBT4R2W9,271,9,2,B,4,560,7,G7,G,7,PCR_R_bc631,CAAGCAGAAGACGGCATACGAGAT,GAGTCGATCT,GTGACTGGAGTTCAGACGTGTGCTC
SoilBT2R3W9,272,9,3,B,2,561,7,G8,G,8,PCR_R_bc639,CAAGCAGAAGACGGCATACGAGAT,CGTAAGATGC,GTGACTGGAGTTCAGACGTGTGCTC
SoilAT3R3W9,273,9,3,A,3,562,7,G9,G,9,PCR_R_bc647,CAAGCAGAAGACGGCATACGAGAT,CAATGAGGGA,GTGACTGGAGTTCAGACGTGTGCTC
SoilAT5R3W9,274,9,3,A,5,563,7,G10,G,10,PCR_R_bc655,CAAGCAGAAGACGGCATACGAGAT,TTGGCGGGTT,GTGACTGGAGTTCAGACGTGTGCTC
SoilBT5R3W9,275,9,3,B,5,564,7,G11,G,11,PCR_R_bc663,CAAGCAGAAGACGGCATACGAGAT,AACGAATACC,GTGACTGGAGTTCAGACGTGTGCTC
SoilBT1R3W9,276,9,3,B,1,565,7,G12,G,12,PCR_R_bc671,CAAGCAGAAGACGGCATACGAGAT,CGTGTAGTAG,GTGACTGGAGTTCAGACGTGTGCTC
SoilAT4R3W9,277,9,3,A,4,566,7,H1,H,1,PCR_R_bc584,CAAGCAGAAGACGGCATACGAGAT,GCTATGGAAC,GTGACTGGAGTTCAGACGTGTGCTC
SoilAT1R3W9,278,9,3,A,1,567,7,H2,H,2,PCR_R_bc592,CAAGCAGAAGACGGCATACGAGAT,GACAAACCTT,GTGACTGGAGTTCAGACGTGTGCTC
SoilBT3R3W9,279,9,3,B,3,568,7,H3,H,3,PCR_R_bc600,CAAGCAGAAGACGGCATACGAGAT,CGCTGTGGAT,GTGACTGGAGTTCAGACGTGTGCTC
SoilBT4R3W9,280,9,3,B,4,569,7,H4,H,4,PCR_R_bc608,CAAGCAGAAGACGGCATACGAGAT,GGAACGACGT,GTGACTGGAGTTCAGACGTGTGCTC
SoilAT2R3W9,281,9,3,A,2,570,7,H5,H,5,PCR_R_bc616,CAAGCAGAAGACGGCATACGAGAT,TGAATACCTG,GTGACTGGAGTTCAGACGTGTGCTC
SoilBT5R4W9,282,9,4,B,5,571,7,H6,H,6,PCR_R_bc624,CAAGCAGAAGACGGCATACGAGAT,TCATTCCACT,GTGACTGGAGTTCAGACGTGTGCTC
SoilAT1R4W9,283,9,4,A,1,572,7,H7,H,7,PCR_R_bc632,CAAGCAGAAGACGGCATACGAGAT,GACCTACCGC,GTGACTGGAGTTCAGACGTGTGCTC
SoilAT2R4W9,284,9,4,A,2,573,7,H8,H,8,PCR_R_bc640,CAAGCAGAAGACGGCATACGAGAT,GCAGAGAGGC,GTGACTGGAGTTCAGACGTGTGCTC
SoilAT5R4W9,285,9,4,A,5,574,7,H9,H,9,PCR_R_bc648,CAAGCAGAAGACGGCATACGAGAT,GTGACGTTAG,GTGACTGGAGTTCAGACGTGTGCTC
SoilBT3R4W9,286,9,4,B,3,575,7,H10,H,10,PCR_R_bc656,CAAGCAGAAGACGGCATACGAGAT,TGCAACTTGC,GTGACTGGAGTTCAGACGTGTGCTC
NCP3,287,,,,,NCP,7,H11,H,11,PCR_R_bc664,CAAGCAGAAGACGGCATACGAGAT,ATGGTTCACC,GTGACTGGAGTTCAGACGTGTGCTC
PC3,288,,,,,PC,7,H12,H,12,PCR_R_bc672,CAAGCAGAAGACGGCATACGAGAT,GACGCTTTGC,GTGACTGGAGTTCAGACGTGTGCTC
SoilBT4R4W9,289,9,4,B,4,576,8,A1,A,1,PCR_R_bc673,CAAGCAGAAGACGGCATACGAGAT,ACAGGGTTTG,GTGACTGGAGTTCAGACGTGTGCTC
SoilBT1R4W9,290,9,4,B,1,577,8,A2,A,2,PCR_R_bc681,CAAGCAGAAGACGGCATACGAGAT,GCAATAGGAG,GTGACTGGAGTTCAGACGTGTGCTC
SoilAT3R4W9,291,9,4,A,3,578,8,A3,A,3,PCR_R_bc689,CAAGCAGAAGACGGCATACGAGAT,GAACAGCTCT,GTGACTGGAGTTCAGACGTGTGCTC
SoilAT4R4W9,292,9,4,A,4,579,8,A4,A,4,PCR_R_bc697,CAAGCAGAAGACGGCATACGAGAT,TTAAGCGCCT,GTGACTGGAGTTCAGACGTGTGCTC
SoilBT2R4W9,293,9,4,B,2,580,8,A5,A,5,PCR_R_bc705,CAAGCAGAAGACGGCATACGAGAT,TGCGTCAGCT,GTGACTGGAGTTCAGACGTGTGCTC
SoilAT1R5W9,294,9,5,A,1,581,8,A6,A,6,PCR_R_bc713,CAAGCAGAAGACGGCATACGAGAT,AATGCAATGC,GTGACTGGAGTTCAGACGTGTGCTC
NEC8,295,9,,,,NEC,8,A7,A,7,PCR_R_bc721,CAAGCAGAAGACGGCATACGAGAT,TCGGATCTGT,GTGACTGGAGTTCAGACGTGTGCTC
SoilBT1R5W9,296,9,5,B,1,582,8,A8,A,8,PCR_R_bc729,CAAGCAGAAGACGGCATACGAGAT,CGATCTTCGA,GTGACTGGAGTTCAGACGTGTGCTC
SoilBT4R5W9,297,9,5,B,4,583,8,A9,A,9,PCR_R_bc737,CAAGCAGAAGACGGCATACGAGAT,GGTACCTGCA,GTGACTGGAGTTCAGACGTGTGCTC
SoilAT5R5W9,298,9,5,A,5,584,8,A10,A,10,PCR_R_bc745,CAAGCAGAAGACGGCATACGAGAT,ATCTCGCTGG,GTGACTGGAGTTCAGACGTGTGCTC
SoilBT2R5W9,299,9,5,B,2,585,8,A11,A,11,PCR_R_bc753,CAAGCAGAAGACGGCATACGAGAT,CTCTAACCTC,GTGACTGGAGTTCAGACGTGTGCTC
SoilAT4R5W9,300,9,5,A,4,586,8,A12,A,12,PCR_R_bc761,CAAGCAGAAGACGGCATACGAGAT,CGTTCTGGTG,GTGACTGGAGTTCAGACGTGTGCTC
SoilAT2R5W9,301,9,5,A,2,587,8,B1,B,1,PCR_R_bc674,CAAGCAGAAGACGGCATACGAGAT,ACGAGTTTAC,GTGACTGGAGTTCAGACGTGTGCTC
SoilAT3R5W9,302,9,5,A,3,588,8,B2,B,2,PCR_R_bc682,CAAGCAGAAGACGGCATACGAGAT,GCGCTTAGAA,GTGACTGGAGTTCAGACGTGTGCTC
SoilBT3R5W9,303,9,5,B,3,589,8,B3,B,3,PCR_R_bc690,CAAGCAGAAGACGGCATACGAGAT,GCCAATCCAA,GTGACTGGAGTTCAGACGTGTGCTC
SoilBT5R5W9,304,9,5,B,5,590,8,B4,B,4,PCR_R_bc698,CAAGCAGAAGACGGCATACGAGAT,CGCGCCTTAA,GTGACTGGAGTTCAGACGTGTGCTC
SoilBT4R6W9,305,9,6,B,4,591,8,B5,B,5,PCR_R_bc706,CAAGCAGAAGACGGCATACGAGAT,TGTAAGACTT,GTGACTGGAGTTCAGACGTGTGCTC
SoilAT3R6W9,306,9,6,A,3,592,8,B6,B,6,PCR_R_bc714,CAAGCAGAAGACGGCATACGAGAT,GACCGATAGG,GTGACTGGAGTTCAGACGTGTGCTC
SoilAT1R6W9,307,9,6,A,1,593,8,B7,B,7,PCR_R_bc722,CAAGCAGAAGACGGCATACGAGAT,GCCGGTACTC,GTGACTGGAGTTCAGACGTGTGCTC
SoilAT4R6W9,308,9,6,A,4,594,8,B8,B,8,PCR_R_bc730,CAAGCAGAAGACGGCATACGAGAT,CGATATCAGT,GTGACTGGAGTTCAGACGTGTGCTC
SoilBT3R6W9,309,9,6,B,3,595,8,B9,B,9,PCR_R_bc738,CAAGCAGAAGACGGCATACGAGAT,GTCTGACGGT,GTGACTGGAGTTCAGACGTGTGCTC
SoilAT2R6W9,310,9,6,A,2,596,8,B10,B,10,PCR_R_bc746,CAAGCAGAAGACGGCATACGAGAT,GCGCGTGTAT,GTGACTGGAGTTCAGACGTGTGCTC
SoilBT5R6W9,311,9,6,B,5,597,8,B11,B,11,PCR_R_bc754,CAAGCAGAAGACGGCATACGAGAT,GATTCGAGTG,GTGACTGGAGTTCAGACGTGTGCTC
SoilAT5R6W9,312,9,6,A,5,598,8,B12,B,12,PCR_R_bc762,CAAGCAGAAGACGGCATACGAGAT,CTGCATACTG,GTGACTGGAGTTCAGACGTGTGCTC
SoilBT1R6W9,313,9,6,B,1,599,8,C1,C,1,PCR_R_bc675,CAAGCAGAAGACGGCATACGAGAT,TGGTCAACGA,GTGACTGGAGTTCAGACGTGTGCTC
SoilBT2R6W9,314,9,6,B,2,600,8,C2,C,2,PCR_R_bc683,CAAGCAGAAGACGGCATACGAGAT,AGGTGTATCA,GTGACTGGAGTTCAGACGTGTGCTC
NEC9,315,9,,,,NEC,8,C3,C,3,PCR_R_bc691,CAAGCAGAAGACGGCATACGAGAT,CCTTCAATGG,GTGACTGGAGTTCAGACGTGTGCTC
NCP4,316,,,,,NCP,8,C4,C,4,PCR_R_bc699,CAAGCAGAAGACGGCATACGAGAT,TCAACCCGTG,GTGACTGGAGTTCAGACGTGTGCTC
NCP5,317,,,,,NCP,8,C5,C,5,PCR_R_bc707,CAAGCAGAAGACGGCATACGAGAT,CGAAATGCAT,GTGACTGGAGTTCAGACGTGTGCTC
NCP6,318,,,,,NCP,8,C6,C,6,PCR_R_bc715,CAAGCAGAAGACGGCATACGAGAT,GGACTATCGT,GTGACTGGAGTTCAGACGTGTGCTC
NCP7,319,,,,,NCP,8,C7,C,7,PCR_R_bc723,CAAGCAGAAGACGGCATACGAGAT,AGAATAGCGC,GTGACTGGAGTTCAGACGTGTGCTC
NCP8,320,,,,,NCP,8,C8,C,8,PCR_R_bc731,CAAGCAGAAGACGGCATACGAGAT,CAACAATGCC,GTGACTGGAGTTCAGACGTGTGCTC
NCP9,321,,,,,NCP,8,C9,C,9,PCR_R_bc739,CAAGCAGAAGACGGCATACGAGAT,GTCGAATTTG,GTGACTGGAGTTCAGACGTGTGCTC
NCP10,322,,,,,NCP,8,C10,C,10,PCR_R_bc747,CAAGCAGAAGACGGCATACGAGAT,AACGCGAAAT,GTGACTGGAGTTCAGACGTGTGCTC
NCP11,323,,,,,NCP,8,C11,C,11,PCR_R_bc755,CAAGCAGAAGACGGCATACGAGAT,GCGAGTTCCT,GTGACTGGAGTTCAGACGTGTGCTC
PC4,324,,,,,PC,8,C12,C,12,PCR_R_bc763,CAAGCAGAAGACGGCATACGAGAT,TAAAGCGAGG,GTGACTGGAGTTCAGACGTGTGCTC